{
    "colors":[],
    "vertices":[-1.99184,0.576475,2.60857,-1.98891,0.59302,2.60849,-1.99184,0.576475,-1.33975,-1.98891,0.593019,-1.33982,4.39914,0.576475,2.60857,4.40207,0.59302,2.60849,4.39914,0.576475,-1.33975,4.40207,0.593019,-1.33982,-1.98891,0.59302,2.60849,-1.98891,0.593019,-1.33982,4.40207,0.59302,2.60849,4.40207,0.593019,-1.33982,-1.99184,0.576475,-1.33975,-1.98891,0.593019,-1.33982,4.39914,0.576475,-1.33975,4.40207,0.593019,-1.33982],
    "uvs":[[0,0,1.32034e-05,0.0174466,0.000620541,1.32099e-05,0.999987,1.32034e-05,0.999381,0.0174466,7.85876e-05,7.86398e-05,0.999921,7.85876e-05,1.00246,0.995705,7.85876e-05,0.995705,0.931886,0.908063,0.0655946,0.908063,0.0655945,0.100872,0.931886,0.100872,0.950146,0.999903,9.75283e-05,0.999902,9.7461e-05,9.76292e-05,0.950146,9.7461e-05]],
    "normals":[-0.984661,0.174477,-1.05289e-08,-7.46102e-08,-0.00453934,-0.99999,0.984659,-0.174491,-4.89155e-08,-7.46107e-08,0.00455377,0.99999,0,-1,6.03849e-08,0,1,-6.03849e-08],
    "metadata":{
        "version":3,
        "type":"Geometry",
        "vertices":16,
        "faces":7,
        "materials":1,
        "generator":"io_three",
        "colors":0,
        "uvs":1,
        "normals":6
    },
    "faces":[43,0,1,3,2,0,0,0,0,0,0,0,0,0,43,12,13,15,14,0,1,2,3,4,1,1,1,1,43,6,7,5,4,0,0,0,0,0,2,2,2,2,43,1,0,4,5,0,0,0,0,0,3,3,3,3,43,4,0,2,6,0,7,8,5,6,4,4,4,4,43,7,3,1,5,0,9,10,11,12,5,5,5,5,43,11,9,8,10,0,13,14,15,16,5,5,5,5],
    "materials":[{
        "depthWrite":true,
        "opacity":1,
        "vertexColors":false,
        "colorDiffuse":[0.64,0.64,0.64],
        "visible":true,
        "colorEmissive":[0,0,0],
        "DbgColor":15658734,
        "colorSpecular":[0.5,0.5,0.5],
        "wireframe":false,
        "doubleSided":false,
        "specularCoef":50,
        "DbgIndex":0,
        "shading":"phong",
        "transparent":false,
        "DbgName":"field.000",
        "depthTest":true,
        "blending":1
    }]
}